"Path","Size","Hash"
".env.local","351","A9C7F1473D4CBFC071AB072135D012671F3CAAA7CC64BD722C16B59E4FCA6311"
".env.local.example","1322","EFE587C0B2408CDD00B84DCAF27618AB80DC7377098BE0EB9D69AA6AAD5568DC"
".gitignore","309","7B00DA21BF5BF83C5BBC137980AA2D650120DA8F107458F65407FD9ED83B0810"
".node_repl_history","65","CEC0B842D357E9BE639CA3D32C18ACF9250D4BBAC35137226B4C3D01CE9D5AF1"
"cd","0","E3B0C44298FC1C149AFBF4C8996FB92427AE41E4649B934CA495991B7852B855"
"deploy.bat","232","2CFD34E6149C3D9181FD51BCC44895BA7853D84358CE2B7DB2ECBF367AA88BD5"
"desktop.ini","53","373A3DBC16784166FCA450CF6DD5EEF133E9CC6DC47B210F1DD8BD6FE658F716"
"DEV_NOTES.md","7034","5E181ECC698A817355FEF78109E246F7A001CFDED264F2F36F8CFF3A62A302BF"
"next-env.d.ts","268","F4E8976C19FC926644D72610BF1058BD6BF52ADD97E46A02BC0B912A751625C0"
"next.config.ts","203","62AECDB1C6CA7C331F78A85E4F4075B56CBDB720A1A939FBF0DEB3AF0619B80F"
"package-lock.json","82769","B1CE06F42ADEDBC5741E3774470E9638279C426C397F64EBAAE8DEEADEFCD6E0"
"package.json","664","752A3CBFC7E6B5D93E6ABF47CC9422F307C695E742A393DD9E4D57BFC918D099"
"postcss.config.mjs","94","DFAC7AC2D86D326A0E5ADB024E7943C181393ED17A5FCB8F0315B24C7DA6DDDE"
"redeploy.bat","448","2254B98FD299035884C5C5EB6576BE58D813A2D914D741E603F7027C947D2A09"
"setup-supabase.bat","1308","132521C69238C97BB794ADC072BA1442C28F1D0FF95D42C7ACA37A6792647205"
"tsconfig.json","576","1B12F56AB16430B64622FF8512CB05B06CF633060DBEC6EBAD6F9E792A6DC2A0"
"tsconfig.tsbuildinfo","260951","2B28100128E2303FED3A6DF4F7DDE4540F633EA96C1253B1D4B7CCF54EC3F262"
".vercel\project.json","127","4E1CC4D34B808B4677BDEFB385D5F8B60B2FCCBC4C6F2BCD827530EDFE91063B"
".vercel\README.txt","520","F5D1ED0F5032AE128931F46459B5FAA1AF6319FC2DFB3E7A5FE54A84BF93DBD6"
"scripts\build-new-project-sql.mjs","3828","4D5C46B9ADC623118D5450474C4F0B9B50586058F30DD29960979C6417647A94"
"src\app\error.tsx","1054","56978A8CB9B5EF710AF3A35B225CBBCEF1ECBCEF3539FFFE423AEF5247CA9B8D"
"src\app\globals.css","68250","B1B789982FB7D7F6FB18F29DD8203FEB1E2C184C62657399EB6D43BD6C16D137"
"src\app\layout.tsx","1033","D8ADCFFEADBD2CC2C9059E7E6CB9A087B08E291308FC2F53BB995CDB1135369F"
"src\app\not-found.tsx","332","FD5C47B63F32204C526C0E1A341C565AFD45218041A83A9D35833EDF1516038A"
"src\app\page.tsx","36743","1697DB73E7F5F91B9372D664DEE949DD57999F69008D73C7714F7F79F5027EAF"
"src\app\admin\layout.tsx","1095","BAA232C625EE48A7CA506B9A410A0261C4CE1DB1CFD4D33D6DC5C17B07599ED8"
"src\app\admin\page.tsx","119567","EA3855CF076E43AE97835081636FE358B4A7DC77A15665C4F9DC7FBC29808BF8"
"src\app\api\admin\board-posts\[id]\pin\route.ts","2533",
"src\app\api\admin\partners\[id]\map\route.ts","5892",
"src\app\api\admin\permissions\route.ts","8280","8A8019169E6572FD27F4C986E82185CC2CF75460DE06D9B4235F461E5F028AE6"
"src\app\api\admin\permissions\manage\route.ts","1722","5574CFD1F16502CBC686CF2C140CE4E770240062348DEFC6CC7439EEC7B8D9B6"
"src\app\api\board\route.ts","2933","994C276E097B2EEA0B59A1F49DF6F8563247574E148B8B5A4E043085AA50A241"
"src\app\api\board\comments\[id]\route.ts","4587",
"src\app\api\board\report\route.ts","6502","AF4CF7DB687336F08891CC0123AC941D828FF67E43B086CF1E429C1CB176707C"
"src\app\api\board\write-access\route.ts","771","CE8B131E36FE24A3116FA6857212D5F6B42998D20B863C896893B37E774BEDF8"
"src\app\api\board\[id]\route.ts","5076",
"src\app\api\board\[id]\comments\route.ts","4372",
"src\app\api\config-check\route.ts","1395","6EDB80A1CF449E2CDE9A3FECBF46BA597A903D1822F2E3EFD6CAC12A42E061B9"
"src\app\api\geocode\route.ts","2104","EB216BC5117C2650B4D54BF9192BA682E5293716A10CADFD913684A92151C247"
"src\app\api\local-franchise\check\route.ts","2546","121B429ED3E25362FB92C15C1FF99E2B7DFB8FCA62FF7AC983E5E47502FFCFFC"
"src\app\api\naver-map-config\route.ts","327","1BE1D3BFCEE09947543BAA03582212FBA48EA1EC3E64451EE9345B0F9972EDAC"
"src\app\api\og-image\route.tsx","439","7614686EDC77BD12B5E3C5CC000FE42FB49BE71ADD5587C376E15658C19B361D"
"src\app\api\partners\[id]\reviews\route.ts","2614",
"src\app\api\resolve-map-url\route.ts","977","3B390220294505824F9A4A2F9FFA3B58B97D08A80B4F4E61FD3BFBF1070853C7"
"src\app\api\supabase-public-config\route.ts","705","32CB26F929442058DAC33F6C5ED9ABD7B13A125915E4D1268C0C790DEC58948E"
"src\app\api\upload\route.ts","2606","3BE3C16B2A10BEC4325F956E2E9FFB9A64AEAA27C0ABA88BE72E53F5F02A8044"
"src\components\AdMediaContent.tsx","1115","EE61E0B66B876491787C014FB30E01400B1D08313A09BBDD3D81D609EEA70528"
"src\components\AdminActionReasonNotice.tsx","605","E2A0B0DAAE056D15F35C390B204092C62FAC6DA8E10DAF18C0B6ABC570CBAF73"
"src\components\AppProviders.tsx","234","F431C2BB5F1B9A085C2304FB4D5E0DF6D95FFAC7903205D27B9D4783FDDC04E7"
"src\components\BoardComments.tsx","46691","4F25FBAF1496AF2368F77AF7B1B7B736F7BFE0DA1A4C6A1938AE8F0D1566EA61"
"src\components\BoardCommunityPostRow.tsx","7778","DBB11554E9B6D0BC5F8FB1A73D47E7EB9D3E10EE41EBFA8CAEF84098982F88CC"
"src\components\BoardPostDetailView.tsx","17189","A001690C2B2D6CD010133F2B5235381BAE5FBE75AAB951233717F981B566883A"
"src\components\BoardPostModal.tsx","4690","AC22A3320DFDCC8A9EC6E88C1F45D1F1B047E3C09C0F36022095C3F0C17BF92A"
"src\components\BoardSection.tsx","48257","522DE7693C4E561BF99C540094542155B16644BB76EF22939722D034F6475A06"
"src\components\BottomPcAdBanner.tsx","838","7143C8958FDC86323DC3899F6693C1BB3D628F52CE80FDA2D283030C54AE5B08"
"src\components\FloatingPageControls.tsx","5373","CF003B4171563CA4D915633851FC2A68AB87895A58825119118C46FE5A5C97C6"
"src\components\FloatingSiteSizeControls.tsx","3022","64178AC4079395006B8DA3994DC6A6C463E85277A8EEFC3D6B2B1DF069888C84"
"src\components\LoadingStateDisplay.tsx","1115","EBCC45AB3426E513968656F056D7C30AF335364FD73D440D6C7434AADA17948B"
"src\components\MainBetaSettingsButton.tsx","13491","0C79D94430C19A84BEBE564ED0B6F0F525789317208B426DC85F89EC10546885"
"src\components\MobileAdBanner.tsx","791","6D6412B0422FF8875B7497141719A134287316454154D08093A6BB472CF0555D"
"src\components\NaverMapEmbed.tsx","2672","2DB8894027874CE24FD5254DC1A595EF8A017D118D543CC0722B1B6ED9A3BF5C"
"src\components\NaverMapJsView.tsx","2623","F558E1D2F7552D5E4D6484D174EEB76384C8E1324934CC1D769885233FA5D826"
"src\components\Pagination.tsx","2289","3E33C9FD53B247C0BCF293B60F18B8DF8ADC74EC7412E97960FF1845EB79945A"
"src\components\PartnerBusinessInfo.tsx","3082","7FC43DE9B0E8E3441E90D70D31D34005B4B4B4E3CAC7A7CDC4A3FDE26F58C335"
"src\components\PartnerCardImage.tsx","1392","55B2E5DCE88D3369B7BD90D9A8032A7B27B3560E7B9C5D0FD7E7CF4A6D39C785"
"src\components\PartnerDetailView.tsx","5942","C0DAFD3374AAA7640C98CFB4A8579EED57325B572E4678500C0FE2F1D0B3F00F"
"src\components\PartnerLocalFranchiseBadge.tsx","558","46B12A6A5DB7BF5728C27E99C51737CAAD4C6F706FA7933C29F54547A2156C89"
"src\components\PartnerMapPanel.tsx","9039","76D85356A43AF4C554812631A3B3FF4DF65B63E8ACB8613457FA115843723630"
"src\components\PartnerMapRegister.tsx","14734","26C68E61FF46E84CC23A274065A9F84333A469950403DCFC531CA20485B8BB3C"
"src\components\PartnerPhotoGallery.tsx","3141","05BB6F7E549B49F3E2D1C212B1A53F80BDD7B47490A65D8B6A6B641F6CD2860C"
"src\components\PartnerPostGrid.tsx","11702","34BB9D1F871B1238ED81DF2FD8F99E502A12156A8CC7FC0E79E0FE55B846F78C"
"src\components\PartnerReactionButtons.tsx","2049","C6AF5E47DEDF478A25D31941B2BD2A6199B4151D08C3916677EF7B2A5CC18D51"
"src\components\PartnerRegionFilterPanel.tsx","7659","EC368268AC1AE38F9EBF9856652A9D3282C8F54849C48547A5B60D9E79CC9B13"
"src\components\PartnerReviews.tsx","20386","206C320A380887A558DA5A8792661EFE4B9A22292ACEBF972EAD118A6E505C9D"
"src\components\PartnerYearFilterDropdown.tsx","3566","9732A56742937D7E3ED97693325E794E381B820AC45D691C9DCA653CEB3E986E"
"src\components\PopupNavChevron.tsx","552","DAC369DF133E9EC003163F19ACA7223C8900D0F2175BCCCD1DEFD11E1147FE0E"
"src\components\PromptModalProvider.tsx","9302","42E498931EA972C13A2D60FDAA7C48C8BDF54B086A8E5722BAB8EDDA9649C5D9"
"src\components\RichTextContent.tsx","501","D0043E8BF60C6562F5A19BE70B8C08BAEEBDF0DBA7AA3537E73BFEA38F7D2058"
"src\components\RichTextEditor.tsx","26055","BB28BFF3802D2644B7F8FA5489992CA3E1A1DE2A21DDB4344DC8E681B2DA809E"
"src\components\ScrollToTopButton.tsx","2294","E471CB8EB41C6F9022E8EE9589F0640B62C158F33A4D81CB7D5D6684CE238A0F"
"src\components\SidebarAd.tsx","899","AD878E12A9DED0A7D68A0EFF3817DB0B7EE6D4325DF3DDCD5EBE97B449DF4637"
"src\components\SiteDomainApplier.tsx","1965","D38EBD39A9E3960C4046D5EEE6F1A1EE4AD1BB35EA026459495675FBD9994717"
"src\components\SiteErrorPage.tsx","2357","DBCD0A4C4FBE2F7A99E6C2040F9CAC9DDB58A9DE8357302D5EC0044BD4F42AA3"
"src\components\SiteFaviconApplier.tsx","1616","E18893477D4ADA843F282FDDE9764192B0A61D7EC10E242DD5D7AB1E643C557E"
"src\components\SiteFeaturesApplier.tsx","6169","3441B31662D90DABD5938BCD2CE6817F3A8BFC2AC12BD4D25C9D7E47DD8C9FD9"
"src\components\SiteFooter.tsx","4645","40DD75365F034E9DA12E36A552BA49C2B572DA425ECF81B0701263302237B5AF"
"src\components\SiteNavDropdownItems.tsx","1991","F71E917CC36212AD1DB94B50B31776CF967B2FB42DCE5204D82242A42CCEE70D"
"src\components\SiteNavMenuItemIcon.tsx","3348","A3FC05B4C14540D6EB189EB971A4AD1BB834C5BC0FF8ACE982EE40A8BE125530"
"src\components\SiteNavTitleDropdown.tsx","3648","16C3FABA45709CA5986E452F5C29970756A9233636154C36D03984C26B5C812D"
"src\components\SiteNoticeCarousel.tsx","3839","8882512E63063ED4620D0C19BF9906C56B24CF7DC4728C3C6DABA2600F083C3E"
"src\components\SitePartnerSearch.tsx","2582","97980A92D1C5DF4311F19DDFF08B952B2EA98EC2A05BE3C7E559E2327D7C15E2"
"src\components\SitePopupModal.tsx","3190","9D3D7A6723B183F7A3923FB12937280C7D19ACBEBE98B8D5977B548E6ED00554"
"src\components\SiteTitleApplier.tsx","1403","9F5EC481C0B6EC99F79CA8D6624308A737A7831FAF2EA75F0F02DD097ADA8841"
"src\components\SiteTopNav.tsx","8583","1B24BF286F95B02B0EEF1B718A91DC68FA2D1AB7BE841DBC71751B8CD2AC7E28"
"src\components\SupabaseConfigProvider.tsx","2876","5A074D6F04F35004269E06D542A2A6A7CC1B6190B5BEC585BC98750520C24CBD"
"src\components\SupabaseRuntimeConfigScript.tsx","1024","3371F8168A72011A28DAC638CE598AA32827530AE7DF21429E59961071BA3514"
"src\components\admin\AdminCollapsibleSection.tsx","1918","149A2B02510F5EC12AA066725513BADF41FE1B965F8F9AC44375841D94858312"
"src\components\admin\AdminPermissionCheckboxGrid.tsx","2206","7367073073871C16C4568825B37D292E4F7CDFFC1166E2D85C8C0B7AD023D14A"
"src\components\admin\AdminPermissionsPanel.tsx","16539","968F546FF97020BD1AA2A84F4B4D706AB75A4E45403276626E549F759704CE52"
"src\components\admin\AdminSidebar.tsx","3714","364D8E2D44DCE6158E6DE238AA5FC9D5E13D0E181A53FEF7C061614ECB354A47"
"src\components\admin\AdsAdminPanel.tsx","16595","913518493636349A4E4148C1128310AA15BF92393460A1778F1B668ED35F99B8"
"src\components\admin\BenefitAdminPanel.tsx","8054","2E78599B58617385D0F07C393B43A5ED45488AC53928E1D320F503A0C0CF7613"
"src\components\admin\BoardAdminPanel.tsx","45270","95363036FD341E9FF3C0D8C86158530080A0000E10B4381E1FC45179177F2BF5"
"src\components\admin\BoardBannedIpsAdminPanel.tsx","6025","7BF78000DFE648A0B2CC5248C1AAB887EDCC92742267793C5457679F60555F62"
"src\components\admin\BoardDefinitionsAdminPanel.tsx","13491","6B42C40D79135F537538628B21F89BD18D450493D69E2FB2B14AB984491CEEC9"
"src\components\admin\BoardIpManagementAdminPanel.tsx","20234","05673FFFDC24E4B6E60555C542085B0D90B9BA9B37B219D683330F409CC8DB54"
"src\components\admin\BoardReportsAdminPanel.tsx","22244","04B697654FAE341340EEAC91EFB2298B10826B0AD82CA7B2D2C5B2FF85D8FF22"
"src\components\admin\BoardSettingsPanel.tsx","21444","FD540A79CC14AD704F3D357B4274B2DCEE900F3FBDAD039A39C6BA50486137F5"
"src\components\admin\DeveloperModePanel.tsx","17335","A0F947AB459D9EC6173D46198BF63644CB393A67203254CED9FFB26B030E17BC"
"src\components\admin\ErrorPagesAdminPanel.tsx","11695","BFD1BECDF4E5C4272BEEC1F7DD56F86D04C85EA93742757D7C872B7305253295"
"src\components\admin\LinkPreviewSettingsPanel.tsx","5550","27F8950D2CDE8C69D714ABC899D22C3D355C314D9218A7E2AD9AE9DBAD04F995"
"src\components\admin\MainBoardPositionAdminSection.tsx","3038","216E82E3AA065C6CC38B448F32F7C2ADF495B0E15ED2DF243521DAFBB047A36B"
"src\components\admin\PageBackgroundAdminSection.tsx","7322","8598FF7FE9FB981367A6F3B1CAD62833EA7380BFDC85C10C37DE610B49C4C9B8"
"src\components\admin\PartnerCategoriesAdminPanel.tsx","6223","8BB6B043E5A246A40356D76DD5B9B4AB2AFBBA797A2151611A3689BF9F39C237"
"src\components\admin\PartnerListSettingsPanel.tsx","19108","C290E843B11F1E70075C7F4C9E754891A9F5C3300FF3B26D994081295DB10AF7"
"src\components\admin\PartnerMapGeocodeSettingsPanel.tsx","7365","55E569391D45EB097C794AE8E752BC513B5677E7872B1605ED2F34F773E5CAE9"
"src\components\admin\PartnerRegionsAdminPanel.tsx","13691","D9642802A20A202DA6F8B9882991CC5A92B559A9CD467A868A5319324B6AF4EF"
"src\components\admin\PartnerReviewsAdminPanel.tsx","15919","643A8CE96B21D2E7478B513F8612E67DE9B7187C28179F33DC28AAEB95832637"
"src\components\admin\PartnerTextStyleFields.tsx","3232","AF0EE8AE93C83B8E5F368D843C205A038F78DB8AFA9F32405BF0A9BE73F2D564"
"src\components\admin\PopupAdminPanel.tsx","13193","734070A55E2DB4E3AEACE516A7C95458809C1705FD30ED43BDDCFB4A01B33B24"
"src\components\admin\SiteNavBackgroundAdminSection.tsx","7041","DCEA41252F14E8F1685786E96A76D2817E734BCD1D5F5BFFC84407FE81605D0A"
"src\components\admin\SiteNavBrandAdminSection.tsx","2777","B0ED3AFBFD6E7361F788EB66F3702EE654B595033DA76F2988FD6AFB3E69985D"
"src\components\admin\SiteNavDropdownLinksAdminPanel.tsx","2213","3DDECA02B4FF207A201AC185EA50913FCFF39A8947AD13FD926DA76BF024C3E0"
"src\components\admin\SiteNavLinksAdminPanel.tsx","3079","F06054456DDB0676559223E7C523C1716102483AF3FD2DEC8CB5DD5E28D4E485"
"src\components\admin\SiteNavLinksListEditor.tsx","9799","348A42FD4459E33C13A84E711A99C5A680498255B580309E073510B8FB82D280"
"src\components\admin\SiteNoticeFields.tsx","9975","2E97B6DCC2A14BDB332E7C63F0DDAB73F2D419045E2A82C537D54A2353A229D1"
"src\components\admin\UserSettingsAdminPanel.tsx","8570","A3BBFEEE82237BD765449358C7502A41D71A604B27602BA50637B41A2F085CE1"
"src\lib\ad-media.ts","1896","1D56BF539F4F9CEEDA709FA1F42386E8C2CD11A867947852BA095FC8A31B7D5F"
"src\lib\admin-api.ts","1502","DFE3A5979446C9ED69459D78637A0D941B6ED1151350ED33E8C96E36BEA0144F"
"src\lib\admin-navigation.ts","4383","7725C6116DD7459D8D255C632D716F82089E8533A685D136776702E301B1E514"
"src\lib\admin-password-settings.ts","425","45CA45839F2CB45D37D93F4FA189832E9AEA8E963322F5A930C6FE2CFDB521AB"
"src\lib\admin-permissions-server.ts","7233","AEE33CAE4A1920C74964D3A6C97DC3535C32AB8B7BC9C35129AE0F2730B49609"
"src\lib\admin-permissions.ts","6675","E58F957B83163ADAB1CA5E85BA9536EA4DFDE5811DE54F125E7D006BC87FA698"
"src\lib\app-modal-messages.ts","2660","7DD05511651D66CC403E97C8E85F973282E8C267D41D5918F78FBD43F4B33800"
"src\lib\board-auth.ts","921","E24A9C55428B48AF9C1012DDC7C7A75BADCB4358986C6A2E80BE94381B94DE41"
"src\lib\board-comments.ts","796","E256CF6B90261A0E58726520E06D29D10E4FDF355A4A8DF14E9CFD2E57188226"
"src\lib\board-community-grid.ts","729","C9A110D085B1D2942531BD19C2D356B6CE998F5CC950EE018D40FC00387A8EE9"
"src\lib\board-definitions.ts","6660","96A1A3238C204A13FF969CF7450B908BD52AB8F7323EA74CD75A6484FF2B086B"
"src\lib\board-hidden-post.ts","1233","F25C5BD0069352BE3E68C03C999218DCDCFA2E759CB31EC9853C370F5D22E4CA"
"src\lib\board-id-migration.ts","480","E67C53A0A5F02A2963370D2D18E568257FC360D7B9A88FC4D1EA5F2576105856"
"src\lib\board-ip-moderation.ts","2448","25F75A16883D3A12B502F8860DD65E9809D85D056FC2A2101A577115059A857C"
"src\lib\board-list-font-size.ts","1969","ECB21710A404FB5954B33BB566414E334B6932CCCA4E56492AC4FBB918DBBB42"
"src\lib\board-list-format.ts","1666","BECFD51736C6BD3E40205BF405AA8377F34AF9EA2DED294F84EEAEBCC9F5770C"
"src\lib\board-pinned-posts.ts","11641","8FB65BD78BDC18B77388102D240359CF78EF15E7C160B15E23893C0202845B70"
"src\lib\board-post-views.ts","917","49B09581735FE6DD4E593049BCCF44A4BE9500EC8FB0C42BE44FD627D5310A23"
"src\lib\board-posts-public.ts","2904","04FC6D6845A1509C255F9212A5B07EC3B09797FF838587A99D19E9C9C4361112"
"src\lib\board-reports.ts","6135","4BFA926904218A94A700E5FB044AEC01E0B1D5AC34B37630B230AAA4ED997F0B"
"src\lib\board-secret-comments-settings.ts","426","516D7B19528E3CFC9D8619D3CF8F63B781252D4F3F8A190B4AF04ACDF04210DD"
"src\lib\board-secret-unlock.ts","832","DCF74AC8EBB146C8CB8BA29BCF36023D1E5068E59F5D4EA1DAC0FCC843DFC7E2"
"src\lib\board-video-embed.ts","3292","C6FB43E4E31FC8FFF59F0B35D10D40D8F214802AC35E7D7A3F2CD283BB3034CF"
"src\lib\board-voter.ts","1180","BF6215215556FD723D220CECFAD1E41D2BB737F27AA2C05F9585E0B8FFC82BF3"
"src\lib\client-ip.ts","373","99738424CDB15163E728168937AB0123D1B93DB641A3A8D9277D2DB83601A706"
"src\lib\default-site-settings.ts","7675","CB14BAD4170220BA2D74F708483ADE7EA51DA9A68B42F7CE7DD0F66B6E8572CD"
"src\lib\developer-mode-settings.ts","3165","57184FFA7C8197251F01D057D518A1867860A7A1FCB2167F61173EDAE2CE05DA"
"src\lib\error-page-settings-server.ts","763","9008E04CBEE5477FC37D987AE83301818A3129C40AFE352B6A2E3C1BFC14F653"
"src\lib\error-page-settings.ts","3622","46C093406D9E013E7CCF5879C56D51D3F854BA9844E55E078497D30E2EF3C0E8"
"src\lib\footer-text.tsx","2171","C646F297542785E0855A5668ECDFBB632471B445FFA27D36366465CC12162B2D"
"src\lib\geocode.ts","225","EA92A59858FC56D8F97911642ED62F40D907DBFC1B34E74074B1B04AE0797C08"
"src\lib\ip-activity-log.ts","1140","FD14EE9E77D44C2CA0690B8121A89435AEECD4F06681A2AEC4CCFA472A8A1B0A"
"src\lib\ip-ban-server.ts","734","4F55AB41E15AAE31C8FD8B669F3484D34B7D4B96C48FA5018D00A129E698B2EA"
"src\lib\is-mobile-device.ts","267","A7A8BFCBAD12ED8025965B94BD6D37F08BF3FCB047018B5C4D9ED42D285A3A2E"
"src\lib\link-preview.ts","1089","EF32687ADEA8584A924BBE7D9B617010B6F4671FF4498C18B7E05C3D59E5CBAF"
"src\lib\local-franchise-api.ts","4828","4324E4EAD1543FF25D28A90A488224C4FEEFF8E7D1BC4EBA83EFC503CFDAA45E"
"src\lib\main-board-position.ts","1471","E0347540949D45B6819171542E373A93E3CEDD5794B0FED8F9A123B62777502B"
"src\lib\main-font-size.ts","2628","54C9903845DC576CA57C8F16F029F78BF89830DA98BE37BBB42CED8193A7CBD1"
"src\lib\map-geocode-settings.ts","2822","7809A5235639A78836824C74C850CF21006D1F7726DB773561B0F30EF4DC9170"
"src\lib\map-geocode.ts","9236","F7074E5ED0A73C4CFB3C10AE9C86629AF39265F5FC4DD73D538EB0DA5710A3CB"
"src\lib\mobile-viewport.ts","4202","E72500515F8523A37C07791D960DFE384746A0CDF6CCAA0A6D5E15C094C7CEBB"
"src\lib\naver-map-config.ts","299","64F8366FE3B4CC98843EC66EA7224DB226F8BCBFFEECAD0E9D58B21E6E502CAD"
"src\lib\naver-maps-loader.ts","2821","2DCBA2F3ED9BFEA9AF720983D4C0EE119108E061012E68C357DC92EBCEEF9EDE"
"src\lib\og-image-preview.tsx","1619","1A82DD278609E324A5A6442820E3BF5F8726DA01E8B480F440AE930A3DDB1F19"
"src\lib\page-background.ts","1222","D7A8E882D5FFA7F8294EF3E814CE4A25BBD12DD549C01490BBC29AC96ED83931"
"src\lib\pagination-settings.ts","1762","0D3CBBFC41C165DCBDD953C31F7A27DAAE075B321D1DDE4FC7909DED17F9D4D0"
"src\lib\partner-benefit-box-style.ts","777","607DAD8E233924FBF2F35E2147FE24D5D389F0079A239A9A62F9A1F798F5F82D"
"src\lib\partner-benefit-height.ts","533","60B5990F6023002CEC508B5ACABABCDE90A3CF3FC27993FDFA0DA3D6307C4014"
"src\lib\partner-categories.ts","2146","4DA2E6947A6991C7CED3FCCCF7BD13533F1F96B787046B6ED8B065CDD6C4768A"
"src\lib\partner-date.ts","1962","2854F01BC6F12DE983E7FA39E1808DA0C24437EF37BC23AD466C2711898E51AD"
"src\lib\partner-detail-display.ts","1839","DC3F634EA5CFAB90B109013E71169B13A70AD31CB4775D9E7EE40C2F096FEDFB"
"src\lib\partner-detail-view.ts","487","62D0A92725C2BE9CE63FDB26C3045DEA1EBB37D981CF59A881094BCB175DEC5E"
"src\lib\partner-hidden-review.ts","747","E99223FD06613006BEDC404342F8273C8F2CCB645CBD9E66D018167EDFB381B4"
"src\lib\partner-image-size.ts","413","65BFEDE84AEA8EE2D53EA5B2EADB3D645AFA12C3A08DE0FA816476D0141C7A6C"
"src\lib\partner-links.ts","524","03691851B40E26956C0C478207B5485F97A531D8A350EC32EA9EF34769FEEC77"
"src\lib\partner-list-layout.ts","4933","FFB019BBFD55CA7429F390FE386776FEDCF41FC2AA09460CBEFDDD1EEC0F02B7"
"src\lib\partner-map-url-resolve.ts","3306","9EDB5A341F91BD5A72C90D4E06E4B44F6227E8BCC647A4F62A6DA8B969A85C1E"
"src\lib\partner-map-url.ts","12576","67139A087E477085235E64C51477F4E6F2C77722A07BCE72B820E67EEC83D824"
"src\lib\partner-partnership-year.ts","1798","3E42FFCB1389A74F0C0F053CC8EFD701E8788BB4B738F9750EA34889FB1A5B9E"
"src\lib\partner-photos.ts","2193","E7065C0EFCB3D5FDB63F4D36E5D21D752944AE0A038884741F867D55D393D8CF"
"src\lib\partner-reaction.ts","175","02546E71EDAC2A11114E2E26C5770C7BE46EAEE7C3ED6120C24550739BEE31E0"
"src\lib\partner-regions.ts","13036","966A0080756EC7F61472E863E47EF3A0170233415E8326853AB8A25A9785365A"
"src\lib\partner-review.ts","1658","04B690372D946AE3CCB7CFA3F8140D833663A2D5584860E9D1ECCB982045F9B3"
"src\lib\partner-sort.ts","896","DBA62B80F4EF0C73B3BF1F975EC864128BD7BF969B69AF5A9C8FE0ABF8B0D14E"
"src\lib\partner-status.ts","1924","CCE4D16610BCBFE045951569CD2204B552F3EA53692F348041898CA2E4CF9221"
"src\lib\partner-text-style.ts","1223","46CF9F7ACBC342B293B7F7AE6F0FA7A13E6FBA25E31452CFEE6BCA8A67C12417"
"src\lib\partner-voter.ts","739","0300A1BF580FA4E6BAE0A8A3FAA9C174AFA8017FF986B2B6171834F9E2BC7A6A"
"src\lib\popup-list-navigation.ts","839","296DE3EDCBBE218F14E4933E490E3C80B69E8B4A71780A202D1D41E4C1B0F5AE"
"src\lib\r2-storage.ts","2576","D23D871D1B5C9DBD439B90ED4EF899A0B5B482BCD8200E6AA3898531FA53FA96"
"src\lib\rich-text-insert.ts","919","0CFB83BD379B60E0A4A13107DB1FBAA418552361640BD5CF50B95B2B8C2219AA"
"src\lib\scroll-to-section.ts","422","32179664A01DCBE18A0B2C404CD93CC6BA6189E3CE1DEFC74E4A0A3AD70A78D9"
"src\lib\server-image-process.ts","1111","2E7639C3090585079D42EF298F60968F362A33330BDB57D9F29A9DDC4AE33EF8"
"src\lib\server-storage.ts","1544","D9C452F66AB860E599CE0B000A674E2078E82C2002C8EA468BC8765FDA0A7CC7"
"src\lib\site-domain.ts","882","8E743AC20370659E8AB44DD4C53C7D0519FC1921EC66CC2C02374E87C689919F"
"src\lib\site-footer.ts","3317","82320A1A5A0D05197D154694DC590E4F52BB01FBB4547E45E1CDE53346E52D6D"
"src\lib\site-loading-message.ts","2675","A55351B1EAEC10C5F5B4EB148C4863EF35E1D7010A2283E4624E9CD3A38926D5"
"src\lib\site-metadata.ts","2668","0B1F435529F158229CD7024FB5CAF6DB72E0BBA09425667F45BFFFB8D7431C57"
"src\lib\site-nav-background.ts","399","801364ED1FE06BD992C479365ECB3523CD7E85F0F2E3B389483A2705EA4B5E7D"
"src\lib\site-nav-links.ts","6199","C80C87E1847B2EE9A9A47A6AF26C60CB5F4B7839A25CFA96E478FFC3E9CD9924"
"src\lib\site-notices.ts","3754","6CB4951BCF7A31D690AA49C3F8CE81530D74F78F21FA309C2CFE4A967C531907"
"src\lib\site-popup-dismiss.ts","555","75AFEBD6C58AFC3E756D527A1C5ADE742D28127ABB3171BCA003A79F18C569D2"
"src\lib\site-settings-payload.ts","15296","33B68CF7952781C00614FBDA9ED9D7479A427C62D9250899D57246087DDE482D"
"src\lib\site-settings-save-error.ts","7398","BCEEE3866D7954D66C0020145AB425BDC8C82E4416AA5031C3AFC70A710D631F"
"src\lib\site-settings-server.ts","937","8CF4D3C9EDE90CDBE1728830C3D2DE229156993F2A74136C34C239DAE951B96F"
"src\lib\site-title.ts","257","B517D86CDFC68F0DF73C00CBCED9A5911C6CEBBFECC5E46C6E0CE23AADE13433"
"src\lib\storage.ts","4759","55378864F26F335E9C352EB8D27D2F1E867B1FA38BB416B7BB0580B8B7D2AEF0"
"src\lib\supabase-admin.ts","540","624BDE1F547F24EA1D2B350E7B3DF0348ADF84E61C701D0C5D09E2832FC07FF3"
"src\lib\supabase-board-upload.ts","911","5E5D77D70324536E8BB03A9C5E81A68A1836A6F5A76B7363CDB3428600A57F10"
"src\lib\supabase-env.ts","3223","211F77B9B4BC5415E778E605D80FF95AECD85AA6CA7BEA5AD5F1FAD82C88B585"
"src\lib\supabase-server.ts","467","C78041EA5EE6C3D85AF250D61F8FE257C5EEA79B4F9A73949C6ACEBC4955A8A0"
"src\lib\supabase.ts","10781","FAA747D55CC6C8DB00058BC1D5DA374F7249B4554247E26DDD7351D387BAC0F7"
"src\lib\text-with-links.ts","381","CEF5430CF226683358E707010241BFD7CB2931D3FB187C1641DF8CD490EE1956"
"src\lib\upload-file-meta.ts","2414","EF1F750F2B513DCEADF13BCCC5C85327D45EE5B871F30555A0A96EA98E813509"
"src\lib\upload-image-compress.ts","4618","2FFEF2FD5EAE379955FE1C2EAFAE6F5D9A15E48BD963C0B6A13AACF3144349BF"
"src\lib\upload-paths.ts","2363","593F709BEC79F7511FCE779DDC4C2CC6003F216DE4EBB83A77E321E6290E23F8"
"src\lib\use-narrow-viewport.ts","673","B6F3EA7B931FEDEB90BDC076217C7BE3CCA927CC42241DE9B2705B92DB9F2F30"
"src\lib\use-naver-map-config.ts","1390","9BD9241F4FB8D80D5526555E9DA7B2B3C3207B5E8E09B59508C73C28356A43DB"
"src\lib\use-partner-local-franchise.ts","1775","43ED594222F8EB4FDAF917D0224463A59193A72DF2B25981A5AB2C1721D74D84"
"src\lib\use-supabase-configured.ts","861","27C508EF770FA07C399366D54A21C6472EA8F99B97680FA26B945DB49885DD1C"
"src\lib\use-user-beta-settings.ts","598","A200A95116C6EB15C3679B2A3717CB48A02D21957A4629A9D385D1319BB9C769"
"src\lib\user-beta-settings.ts","2715","4E76EF5C246B6886CAE6F9C2DF307452177070D2C9FB1C89AE6A75D9C52065B1"
"src\types\naver-maps.d.ts","636","21EAA4EDA8244813ADAEA480B82E54DBDAB0F4CA898B80A15D33ED9B0B48C1F7"
"supabase\01-create-base-tables.sql","2080","BF6A2F738F9C502648F4FAE566502CDAACCAB5C0B0003456A9BE24421A8E4CC0"
"supabase\02-board-posts.sql","1865","7DABA47C0846205B92106AC9A721C63CD0282552BED4E0AE41F035A883BE167A"
"supabase\admin-comment-protection.sql","2452","24BB7A8DD18B88C1A366F3FAFFAB83C7CE32377695EBB704A73847456FC336B8"
"supabase\admin-partners-list-pagination.sql","284","224C45D1B8F0CC836781F8E3B6381E355721B95C08C7C961F457792B31EBF08F"
"supabase\admin-permissions-tab-grants.sql","976","99D74FF7889E332A6609326A00E7B1DB9246D5A68FF916EE981ED31EED0DAE99"
"supabase\admin-permissions.sql","2797","C49E118DAB2847E07139AADB642358B45AC9A17DF2CCB486D5EC0D29C0162712"
"supabase\admin-posts-board-beta.sql","477","D38078B7E7DEA5808CF110E1E9D6236B06130E27F3EECAFD1175E1AD6D7EB6E5"
"supabase\board-admin-posts.sql","311","EADAFA6408B3A6DEDEE0F829DC9698DD00297ED4A72548CB86A440FC2C225F40"
"supabase\board-comments.sql","4270","6E056C6183E32BE08EE95B88AB9B42962C575CE1758E5A615F9105D5EA3AE0C7"
"supabase\board-definitions.sql","4384","21A76E95AF363894CD5330BF5A048B64C52F17DC997711FBC6E57D722CC5CE78"
"supabase\board-developer-mode-stubs.sql","540","13287A1EA48E91CE3932583580CFF1B4D4C778E830A200B23B8C6C25BED9D706"
"supabase\board-hidden-post-message.sql","249","8735107DF11010184F872D28F37A09C37A2BB9366EA1356289135DC633A53544"
"supabase\board-hidden-posts-public.sql","1618","140A8E838DB231878F66CAD46C301341AD09331F42C47C60794B141954D39C71"
"supabase\board-id-mode.sql","246","E188EFBBB396C7C62C88E89A8E4249BCF802179228FD182FE6FEF9F076DC2FD2"
"supabase\board-inline-enabled.sql","192","A8C6F216784E21D40076206C7786C17391AFA0F87387BF50FE0DF454413B7272"
"supabase\board-ip-moderation.sql","6484","0A97F474D999FD40734D3225E2A85ADB960BAE7AF5D71C2B44ABEBA4732B6559"
"supabase\board-labels.sql","286","2CAC58B702BC0B87C49334EF8D1AAFCB3D9F2FD9633B883201554B9AADA1195D"
"supabase\board-list-font-size.sql","450","F789CCD31FDA70A96C9DCBDBAF580EF38B0A2CD4C468332F376E989124C3D281"
"supabase\board-list-refresh.sql","246","9DCCAF4E9815D72B60B85AD96ADAFD3A15D11F6FB774F6A068BC013B522271A1"
"supabase\board-main-position-enabled.sql","236","E56083353EB070BE5C1C4033FA1D8E3DB4E250FDB39E3ED8F0FB91FF2B867B4B"
"supabase\board-password.sql","78","B4AC4CA569070572E88B4E8E23A6593391B8152275B9EA48CE790951B08704C9"
"supabase\board-pinned-also-in-list.sql","162","9F5DD354FFE73A46ED887FFBA941EEB541DBAEDD10156522B477E6AE4D0AB5FF"
"supabase\board-pinned-persist-pages.sql","191","E1BEC7EA625FDB73E7BE126EBE8D42E797E86A141D487D0981ADB939C52F6355"
"supabase\board-pinned-post-large.sql","183","2410D322BAAA32E66BAC3E865136E3349C92B80AF6AEC126FE1E741255EAF04B"
"supabase\board-pinned-posts.sql","399","78DA8AE4EE48A1FFEE7D9EEAF2F8D2D5CCD24959439E747C67EB08A94221BAE0"
"supabase\board-post-popup.sql","197","1348186F462067B61EBA1F4A08DB2784CAD6D6B5207E76EB33E6E21D2DA61C32"
"supabase\board-post-views.sql","1488","87ADE4765D9E6B42E834D6709950A8F39B4A6CF72BA864EF37E5555C2DE9FE17"
"supabase\board-report-reasons-by-board.sql","346","9125D90A29CE1E51AFB5A17E43D3CA40695825CE9FD3F70FF44F1861183343EB"
"supabase\board-report-reasons-setting.sql","378","ABBCA4B35173B0864BFDF3EC29D367127243AC0160BAA79CC96DC1CBD83863FC"
"supabase\board-reports-admin-fields.sql","393","F19929207EB07F640C285D225C888F031908B73A435E6596B91ABF077DBB9F8E"
"supabase\board-reports-admin-managed-guard.sql","2669","B446247889F0CB286C8AAA932993B7721AE99C5991B2DFFDE1AC9ED0C90524ED"
"supabase\board-reports-and-comment-ip.sql","4237","64442C16AB5FC1DB0FE537B82FB71FBF7B430518DD97B8C346AC3E5BAA14747E"
"supabase\board-rpc.sql","3304","0B5D5CC5EA7C9A14AA12335C677A0BD6E4F2CFF937CE2D6A80FAE0783CC2C10F"
"supabase\board-secret-admin-comments.sql","1092","8120B9F09D7591B4F90E17F34DBDA144F1B0E065E988916B3BD4555C0057230F"
"supabase\board-secret-comment-developer-features.sql","4200","76A718981438F7E7BC9DDDC9113187F44B893D1E2038A826F427A70F2968E4E5"
"supabase\board-secret-comments.sql","5535","760C41775C17FA63729E713D87FD56ECF0F260F5A4AB6BFFF654234EDBEB58EB"
"supabase\board-secret-posts.sql","3167","C2F358526B736B7D8710DED2B6873D948F38303B372412886257155A5E0031F3"
"supabase\board-section-header-color.sql","155","B4359B5BDE6BDC194EFE094CAFA87908D184C35D69AE3EB8837F76A4A1683EFA"
"supabase\board-settings.sql","871","F55CEAB82123D9014C2549BDF40D97E206490A045BAB39F057DB4056CF241485"
"supabase\board-sort-views.sql","238","988074A8947B3FAD99C3F6314C0E092E83B309FFC6DB209EBCF801137C73AB3D"
"supabase\boards-and-settings.sql","6278","C08A62BD07F908E581A8A762D1E82A8E50DC6CE3C581794E8FD5A4FFBC445218"
"supabase\comment-nested-replies.sql","1866","200DE608E69D6EC06B7B7913018CFED9E1D9D0B608A3329DD59BE7F8C7FEA14E"
"supabase\comment-replies.sql","2103","938C650D8E95288659EA1CF1FBBFD1985AEB688F5AF514417552F226659DEEC0"
"supabase\content-admin-action-reason.sql","4593","ACCA6CED2D92B575779C97D8D85BAA710F114B11891E501F75AC26F7890BC110"
"supabase\content-ip-ban-guard.sql","7521","FA52427402F81F59D81D052EF0C7B2B46C9F59720B54CBAE78CA7C36F95041DE"
"supabase\developer-mode-beta.sql","7287","7F8BDBA341E8787512D08DE481AB358DFA8372234A4AFEF81694DE5A7B51EEAA"
"supabase\enable-board-notice-list-ui.sql","360","FBE3A0E6780B73FBB4315A16281E0DC9B5185FFF5E3B5F4C31BE9898D64AD090"
"supabase\error-page-settings.sql","1107","F054F28D23FDBA95AAD75403618A3263370AD31967C436FA5AE358B23A702D72"
"supabase\feature-update-v1.sql","4446","AD9CCBD5F6F9DFAF19EA75603BB63FF254BA8745AFC277682C2A6B78D65C538E"
"supabase\fix-board-pinned-complete.sql","2631","981CEAE3C5A080A7FDFF6978CD3A31A6F82D10D3D435569151D411047A64FD35"
"supabase\fix-comments.sql","4369","EFFF6509470558CED312EBEBC25509F6E931E456872F21E264DA15E0EF4EA199"
"supabase\fix-storage-rls.sql","2606","E18A3387EB600B1AA4E0A309CC927D4EAE547D6C9101EBEFE7AA78FF42A17CC3"
"supabase\footer-all.sql","550","99DCEFDCB2520B84F1B6FC04693B912E1C7125EC031278F45E71675E28917C4E"
"supabase\footer-business-info.sql","301","C05BD37642C638E2AB91C5DA52B5CD88A3F59317B757CF0920318DFF51C1780D"
"supabase\footer-image.sql","169","F988B24127DAB21C11559A1E8F37A4EECB7DF61470946F4F33B007EF68F2DE90"
"supabase\footer-image2.sql","177","C87376C37800F844491BAD4624AE3A5D178C993C6AC6082ACA93E8360B6F9D6B"
"supabase\footer-link.sql","235","B626CDD78B3DCF294E2A50CAD4C8062872C701CB10F4B897BFE329B3470102A0"
"supabase\footer-policy-links.sql","240","E0EBE90E9690DADA55B4BE55DFBEF0DD22E56A05A7BBA131660B67FD1CF97ED5"
"supabase\footer-text.sql","300","C18FCB4E2B1C9F29340DB43848CE0D1B85B06C7CCC1BD44B03D6C82FAA90AAEA"
"supabase\ip-activity-log.sql","9947","CA56B538C41C7B791A4F3303828A4F348E71C798CBAB01170D6F2D2E96E08DEF"
"supabase\link-preview-settings.sql","301","ADB6962182B650D2B2C798BD2297D4A16B0DB9EB3BA73727E33E182D08EBB5C0"
"supabase\main-board-position-setting.sql","324","68BDD779CA76C991836446493710DA669737252A72BB29597E9D1DABCBDB8906"
"supabase\main-font-size-setting.sql","229","ED4B1D9487969E20E993A201634DA8423AAAFA5B0AB92ED0EDB1F02D11406D50"
"supabase\main-site-size-floating.sql","242","39B92BCB0A9B194AC2916A8FC5B1179C27F332F384F0296B51F949935533585E"
"supabase\new-project-admin-grant.sql","1168","31D18686A3BFDE16AC55C022A57B1DD3A784785FC4FD829EBD1D227565E9F5B4"
"supabase\new-project-catch-up-site-settings.sql","4373","DA0C2AD56EECF5B813376C484434FAB4F016D823CEA32A17B345985354F7B2EA"
"supabase\new-project-clear-default-boards.sql","212","CDDEA15A2B935716CE9E79690BC66B7E62F7CD09081D41749B89492D92263BE2"
"supabase\new-project-fix-board-labels.sql","630","D74F61AAD46BC3A52C14CCC6B7515EABE3DF1190BB314A3479295A763DD295B6"
"supabase\new-project-fix-board-posts-columns.sql","649","1DABCE77ABDACD2B0E03909FA5886B72687FCBDA0266115D9AF2B51C5E8E5F50"
"supabase\new-project-fix-notice-link.sql","195","25E85F0C49257DD8A1D8B49C2BBDF161FDDF3A82998CAEE119A01C7C24D0A7B0"
"supabase\new-project-fix-partner-uuid.sql","1005","84907E1B972C79B55718CC7BFCD64AE3E6DF462826AC14BA00B263C39B2E9673"
"supabase\new-project-fix-secret-comment-helper.sql","810","A1DFB6DC5B6D2F57258FC4537818CAFAEABF62AD7124359882E14AC8A53AE0CA"
"supabase\new-project-full.sql","126894","FF4BA209DD4C044C033BB736190533435A3BD4599361BDCE9943923277DF13DB"
"supabase\notice-badge-label.sql","219","9B53FD6F12B1FC6BACEEF0262E8A203B8F093F46FBA104D5DAF22D41B700FAD0"
"supabase\notice-carousel-auto.sql","512","B5752B3FA4E4DB95695B2145CD3A96EEC3B7C48B51724660CDBAF7B22AE5E9E5"
"supabase\notice-items.sql","607","092551446B2E3DE3BEA7669854539DE77444B8BD3FAA85640CF70C1C32DFA253"
"supabase\notice-text-color.sql","124","9C97BFBC6E7ACD211EA4462262F0BF9F9B7A923DCFF2E71B581455AD0B0E6279"
"supabase\notice-text-link.sql","127","199283B196EF5ED6458FA2B70FBD8256F1234B1BA2FC465C7BD9E37102192548"
"supabase\page-background-default-enabled.sql","159","7B964D3EDD648E5DEB6906F5C7282C1758B7093C348ADFAA16C51DE88A1B4FE5"
"supabase\page-background-settings.sql","340","36D76F9791D62B53F3E3A9974E0322F3C0EC68218C3C3C772A18C8DF94A28904"
"supabase\partner-benefit-box-style.sql","288","F405479C80AFE773419EAFAC44E0C3EAD04D60ABEFEACDC401ACA9EDC9C8046F"
"supabase\partner-benefit-settings.sql","216","8D24AF26C0F65E20F45EB41F651843EFA17278C058C0084F79F132A01D18AA46"
"supabase\partner-benefit-text-style.sql","484","780DEC928EDC5416EA760E89AFD8353E8DFD24AF98C300587A54E9C5D4BCB316"
"supabase\partner-business-info-collapse.sql","256","F9B5E24AF2CBA9E089129A298109F71A305B508AE361DDE24AA98B5FC87448E4"
"supabase\partner-business-info.sql","175","CCEBF9DC223C877DB53590678F5BEEEA98EE74DCBF1B805B97C65C0F377360E9"
"supabase\partner-categories.sql","499","3F9F67C4555961BE83C9FAD396580DDA7C8DA2DE8BC1E31DA0A0FF481E7906CA"
"supabase\partner-default-sort.sql","200","E01BC9CD9352A474069790A7E98AC2369B711C95B7899D60BE1DA3A56CEF2977"
"supabase\partner-detail-description.sql","167","F5F90C801F9209F6C8DF52EE766F17F05F0EF3484FDA3AAF394A30E1DE1D1C6C"
"supabase\partner-detail-labels.sql","345","EBCA248DCC56EB5AA7CFE81BF8FBECD9B846220B507E72C5B41A2C801E4D8A69"
"supabase\partner-instagram.sql","63","B850F3C9BBCB4AA4E639383294F5BAAD73F2609BD5775E1ECF4926B66104001F"
"supabase\partner-list-refresh.sql","246","394299F085B5CBA8143372681DB94A1001FFE58D19CF431DFFD9AD47F8AB49EF"
"supabase\partner-map-geocode-api.sql","518","6452577A0D43B3BE47B2CA1599800707495880A42E3A21FE11359B2C7EA13DE4"
"supabase\partner-map-url.sql","169","4B954C698CDD9E3A2048310A33621277698F4CE164556A64C3C35C8B86712184"
"supabase\partner-mobile-settings.sql","377","005252E843730F039F06C80457FA524D59B02F2381C9BC564C20B70ED7A96C9D"
"supabase\partner-partnership-year.sql","408","1E2300F11C85DA381A42869824658E1F6E6757B67982A162DBD6E64002BE397A"
"supabase\partner-photos.sql","1024","8168ED4AC3FE52E2E8AEA67AFEB0CFA3790EFAC75FAF40244430FCFE063319E7"
"supabase\partner-reactions.sql","3659","676947EDE053D69DC55D75ACE93C1AB568A3B590C0A38BEEBE5D5820129E6F86"
"supabase\partner-regions-dong-eup-myeon.sql","3609","D0873C43387F044DB295CAE38D6453A73BEDE970377E02693D4C96D4674D9963"
"supabase\partner-regions-hierarchy.sql","1001","016C1BFB8FC69CC0F0FAFEC5ED574946D619CCC681055F03ABFE94A1877948EA"
"supabase\partner-regions.sql","728","C8CE9CE68CCA090512A1F19C9FF23EBC51D75A9C41E24DD0126301DAC97914F3"
"supabase\partner-review-reports-and-ip.sql","3974","07A89A3CF23BF954D6599A7658B635C6590B56D54AA737B45C6E42D0F39205E4"
"supabase\partner-reviews-admin-password.sql","4859","149456FAE974B068983B3E19CA17811DD8C8F90724F6911F3835C7800F4E3EC3"
"supabase\partner-reviews-admin.sql","2152","BF6100FDD563C45465EACEA4BC2B8C8670CCCFD2B68B7F838BD8FF2699B1A0E5"
"supabase\partner-reviews-allow-multiple.sql","1792","E4E8B8404EB48334749D801BAE32538F6C42195FE042319EFEF5520C48426B40"
"supabase\partner-reviews-hidden-display.sql","1370","82E2D0CE3CCC3053D2AD5FE75BF2396B3E13092E69AE05BF1272BFC1222F7E6B"
"supabase\partner-reviews-migrate-fix.sql","3178","61C6EDEE3C38239ADDB93E2AB671AA0B2E893BF6BBD8CFA9CA6C7978812D35C5"
"supabase\partner-reviews.sql","6430","43F5DB2A723992AA8826373A00E8C82BABB933468E652DDF52385EB0D6775630"
"supabase\partner-status-board-list.sql","595","7611DEEF1875D1691BBA9A5255CBFDAA69FE7998ED8C4DC34DF486E8C955E2B5"
"supabase\partner-status-strikethrough.sql","167","8CAB1BBE90FFD270896292DFA86BDEDC18F3C135A722A3801E71637CCA28F6C3"
"supabase\partner-tablet-settings.sql","483","6F50527395D7FE554BB50D2FAC64E357FD784038B75B46FA88F9FCD88393EB47"
"supabase\partner-wide-settings.sql","296","AACE6FE6093E50A65952560D917E81E2A3C95D39E44ACE9F38982D34FD0689CC"
"supabase\pending-developer-mode-columns.sql","5062","B5ADACA9211800D3A509C0C082C3E35095EDFF607F1CA1EAF7641C9796A29C49"
"supabase\settings-panel-notice.sql","425","20836B52E2C5926C71CBE6CD2114DEEF8D32EE4452875E664B11FF6543F9E037"
"supabase\setup-all.sql","11947","E60A0B73BD46C8CD07942DE78B32C320E51C6382D3695A2EE59FDDFF54FC4413"
"supabase\setup.sql","4515","C16AF613D13752EA5062C97F506C281AC632458DC6EA8E720DF53B79A0BFF6E4"
"supabase\sidebar-ads.sql","63","B850F3C9BBCB4AA4E639383294F5BAAD73F2609BD5775E1ECF4926B66104001F"
"supabase\site-domain.sql","166","285079151738B2E19BB2C50E274E2D51A5F01DE20540E819F9C55D287E69FA64"
"supabase\site-favicon.sql","144","24D31A5640982586F6C823F38DC024E75F80A56220322BB0F0B666B555D75B67"
"supabase\site-loading-image.sql","259","4AA67146627B8DB2CF7A75CEACFB7C3F6745EC79E746A9657C9B7C0785224841"
"supabase\site-loading-message.sql","252","DEFB0F3A5381C25451D76406C4A2B980A2E13C5B9CA6D58D3C1FED0EAAD8A1EF"
"supabase\site-maintenance.sql","279","8A158C8FA95FEB1848E7A1A41882F0E59A0A8467F68B62AB75ED2F475070A598"
"supabase\site-nav-background.sql","388","A7A608F3CB52F24A35DC0F3DB3FC66ACD886B2842433355091A09B2F193501AC"
"supabase\site-nav-brand.sql","297","854A6A81D3B5465881EDA6814248554C4250F73EFD1C7ACF587E794DB663C3E7"
"supabase\site-nav-dropdown-links.sql","319","EC967DCED743BE42D163C02EF082DBB3BFEB86B79375C6F52FCA1343BD84940A"
"supabase\site-nav-links.sql","340","B526B795C3B5C26AFC7D32B3093E6F108861B206D6C74B474C26F093D36DACEA"
"supabase\site-nav-sticky.sql","201","D0D8B025071FA35F31AD768C328702BA77E50E2076C37EECA5B5A4C5F405CA32"
"supabase\site-popups.sql","960","FDFABA9786E239DE190EC2408AEE28638BE2504D67CA3C68EAFCFC1B78CB54EF"
"supabase\site-title.sql","211","7FD1C96731CD4DC61450376471E269A667A8D4119EBE7EAF62E5E28A66925DBD"
"supabase\text-color-settings.sql","233","1DF7A01F3D998A124A8FD83CF704CD6AA491CC6129A7ED3860A4318152E7118E"
